{
  "IcoMoonType": "selection",
  "icons": [
    {
      "icon": {
        "paths": [
          "M512 64c-141.384 0-269.376 57.32-362.032 149.978l-149.968-149.978v384h384l-143.532-143.522c69.496-69.492 165.492-112.478 271.532-112.478 212.068 0 384 171.924 384 384 0 114.696-50.292 217.636-130.018 288l84.666 96c106.302-93.816 173.352-231.076 173.352-384 0-282.77-229.23-512-512-512z"
        ],
        "tags": [
          "undo",
          "ccw",
          "arrow"
        ],
        "defaultCode": 59749,
        "grid": 16,
        "attrs": []
      },
      "attrs": [],
      "properties": {
        "ligatures": "undo, ccw",
        "name": "undo",
        "order": 3,
        "id": 102,
        "prevSize": 32
      },
      "setIdx": 0,
      "setId": 1,
      "iconIdx": 101
    },
    {
      "icon": {
        "paths": [
          "M0 576c0 152.924 67.048 290.184 173.35 384l84.666-96c-79.726-70.364-130.016-173.304-130.016-288 0-212.076 171.93-384 384-384 106.042 0 202.038 42.986 271.53 112.478l-143.53 143.522h384v-384l-149.97 149.978c-92.654-92.658-220.644-149.978-362.030-149.978-282.77 0-512 229.23-512 512z"
        ],
        "tags": [
          "redo",
          "cw",
          "arrow"
        ],
        "defaultCode": 59750,
        "grid": 16,
        "attrs": []
      },
      "attrs": [],
      "properties": {
        "ligatures": "redo, cw",
        "name": "redo",
        "order": 2,
        "id": 103,
        "prevSize": 32
      },
      "setIdx": 0,
      "setId": 1,
      "iconIdx": 102
    },
    {
      "icon": {
        "paths": [
          "M512 0c-282.77 0-512 229.23-512 512s229.23 512 512 512 512-229.23 512-512-229.23-512-512-512zM512 928c-229.75 0-416-186.25-416-416s186.25-416 416-416 416 186.25 416 416-186.25 416-416 416zM384 288l384 224-384 224z"
        ],
        "tags": [
          "play",
          "player"
        ],
        "defaultCode": 59925,
        "grid": 16,
        "attrs": []
      },
      "attrs": [],
      "properties": {
        "ligatures": "play2, player",
        "name": "play2",
        "order": 20,
        "id": 278,
        "prevSize": 32
      },
      "setIdx": 0,
      "setId": 1,
      "iconIdx": 277
    },
    {
      "icon": {
        "paths": [
          "M512 0c-282.77 0-512 229.23-512 512s229.23 512 512 512 512-229.23 512-512-229.23-512-512-512zM512 928c-229.75 0-416-186.25-416-416s186.25-416 416-416 416 186.25 416 416-186.25 416-416 416zM320 320h128v384h-128zM576 320h128v384h-128z"
        ],
        "tags": [
          "pause",
          "player"
        ],
        "defaultCode": 59926,
        "grid": 16,
        "attrs": []
      },
      "attrs": [],
      "properties": {
        "ligatures": "pause, player2",
        "name": "pause",
        "order": 19,
        "id": 279,
        "prevSize": 32
      },
      "setIdx": 0,
      "setId": 1,
      "iconIdx": 278
    },
    {
      "icon": {
        "paths": [
          "M512 0c-282.77 0-512 229.23-512 512s229.23 512 512 512 512-229.23 512-512-229.23-512-512-512zM512 928c-229.75 0-416-186.25-416-416s186.25-416 416-416 416 186.25 416 416-186.25 416-416 416zM320 320h384v384h-384z"
        ],
        "tags": [
          "stop",
          "player"
        ],
        "defaultCode": 59927,
        "grid": 16,
        "attrs": []
      },
      "attrs": [],
      "properties": {
        "ligatures": "stop, player3",
        "name": "stop",
        "order": 18,
        "id": 280,
        "prevSize": 32
      },
      "setIdx": 0,
      "setId": 1,
      "iconIdx": 279
    },
    {
      "icon": {
        "paths": [
          "M512 0c-282.77 0-512 229.23-512 512s229.23 512 512 512 512-229.23 512-512-229.23-512-512-512zM512 928c-229.75 0-416-186.25-416-416s186.25-416 416-416 416 186.25 416 416-186.25 416-416 416z",
          "M448 512l256-192v384z",
          "M320 320h128v384h-128v-384z"
        ],
        "tags": [
          "previous",
          "player"
        ],
        "defaultCode": 59928,
        "grid": 16,
        "attrs": []
      },
      "attrs": [],
      "properties": {
        "ligatures": "previous, player4",
        "name": "previous",
        "order": 17,
        "id": 281,
        "prevSize": 32
      },
      "setIdx": 0,
      "setId": 1,
      "iconIdx": 280
    },
    {
      "icon": {
        "paths": [
          "M512 0c282.77 0 512 229.23 512 512s-229.23 512-512 512-512-229.23-512-512 229.23-512 512-512zM512 928c229.75 0 416-186.25 416-416s-186.25-416-416-416-416 186.25-416 416 186.25 416 416 416z",
          "M576 512l-256-192v384z",
          "M704 320h-128v384h128v-384z"
        ],
        "tags": [
          "next",
          "player"
        ],
        "defaultCode": 59929,
        "grid": 16,
        "attrs": []
      },
      "attrs": [],
      "properties": {
        "ligatures": "next, player5",
        "name": "next",
        "order": 16,
        "id": 282,
        "prevSize": 32
      },
      "setIdx": 0,
      "setId": 1,
      "iconIdx": 281
    },
    {
      "icon": {
        "paths": [
          "M512 1024c282.77 0 512-229.23 512-512s-229.23-512-512-512-512 229.23-512 512 229.23 512 512 512zM512 96c229.75 0 416 186.25 416 416s-186.25 416-416 416-416-186.25-416-416 186.25-416 416-416zM704 672l-224-160 224-160zM448 672l-224-160 224-160z"
        ],
        "tags": [
          "backward",
          "player"
        ],
        "defaultCode": 59930,
        "grid": 16,
        "attrs": []
      },
      "attrs": [],
      "properties": {
        "ligatures": "backward, player6",
        "name": "backward",
        "order": 14,
        "id": 283,
        "prevSize": 32
      },
      "setIdx": 0,
      "setId": 1,
      "iconIdx": 282
    },
    {
      "icon": {
        "paths": [
          "M512 0c-282.77 0-512 229.23-512 512s229.23 512 512 512 512-229.23 512-512-229.23-512-512-512zM512 928c-229.75 0-416-186.25-416-416s186.25-416 416-416 416 186.25 416 416-186.25 416-416 416zM320 352l224 160-224 160zM576 352l224 160-224 160z"
        ],
        "tags": [
          "forward",
          "player"
        ],
        "defaultCode": 59931,
        "grid": 16,
        "attrs": []
      },
      "attrs": [],
      "properties": {
        "ligatures": "forward2, player7",
        "name": "forward2",
        "order": 15,
        "id": 284,
        "prevSize": 32
      },
      "setIdx": 0,
      "setId": 1,
      "iconIdx": 283
    },
    {
      "icon": {
        "paths": [
          "M192 128l640 384-640 384z"
        ],
        "tags": [
          "play",
          "player"
        ],
        "defaultCode": 59932,
        "grid": 16,
        "attrs": []
      },
      "attrs": [],
      "properties": {
        "ligatures": "play3, player8",
        "name": "play3",
        "order": 11,
        "id": 285,
        "prevSize": 32
      },
      "setIdx": 0,
      "setId": 1,
      "iconIdx": 284
    },
    {
      "icon": {
        "paths": [
          "M128 128h320v768h-320zM576 128h320v768h-320z"
        ],
        "tags": [
          "pause",
          "player"
        ],
        "defaultCode": 59933,
        "grid": 16,
        "attrs": []
      },
      "attrs": [],
      "properties": {
        "ligatures": "pause2, player9",
        "name": "pause2",
        "order": 13,
        "id": 286,
        "prevSize": 32
      },
      "setIdx": 0,
      "setId": 1,
      "iconIdx": 285
    },
    {
      "icon": {
        "paths": [
          "M128 128h768v768h-768z"
        ],
        "tags": [
          "stop",
          "player",
          "square"
        ],
        "defaultCode": 59934,
        "grid": 16,
        "attrs": []
      },
      "attrs": [],
      "properties": {
        "ligatures": "stop2, player10",
        "name": "stop2",
        "order": 12,
        "id": 287,
        "prevSize": 32
      },
      "setIdx": 0,
      "setId": 1,
      "iconIdx": 286
    },
    {
      "icon": {
        "paths": [
          "M576 160v320l320-320v704l-320-320v320l-352-352z"
        ],
        "tags": [
          "backward",
          "player"
        ],
        "defaultCode": 59935,
        "grid": 16,
        "attrs": []
      },
      "attrs": [],
      "properties": {
        "ligatures": "backward2, player11",
        "name": "backward2",
        "order": 10,
        "id": 288,
        "prevSize": 32
      },
      "setIdx": 0,
      "setId": 1,
      "iconIdx": 287
    },
    {
      "icon": {
        "paths": [
          "M512 864v-320l-320 320v-704l320 320v-320l352 352z"
        ],
        "tags": [
          "forward",
          "player"
        ],
        "defaultCode": 59936,
        "grid": 16,
        "attrs": []
      },
      "attrs": [],
      "properties": {
        "ligatures": "forward3, player12",
        "name": "forward3",
        "order": 8,
        "id": 289,
        "prevSize": 32
      },
      "setIdx": 0,
      "setId": 1,
      "iconIdx": 288
    },
    {
      "icon": {
        "paths": [
          "M128 896v-768h128v352l320-320v320l320-320v704l-320-320v320l-320-320v352z"
        ],
        "tags": [
          "first",
          "player"
        ],
        "defaultCode": 59937,
        "grid": 16,
        "attrs": []
      },
      "attrs": [],
      "properties": {
        "ligatures": "first, player13",
        "name": "first",
        "order": 7,
        "id": 290,
        "prevSize": 32
      },
      "setIdx": 0,
      "setId": 1,
      "iconIdx": 289
    },
    {
      "icon": {
        "paths": [
          "M896 128v768h-128v-352l-320 320v-320l-320 320v-704l320 320v-320l320 320v-352z"
        ],
        "tags": [
          "last",
          "player"
        ],
        "defaultCode": 59938,
        "grid": 16,
        "attrs": []
      },
      "attrs": [],
      "properties": {
        "ligatures": "last, player14",
        "name": "last",
        "order": 6,
        "id": 291,
        "prevSize": 32
      },
      "setIdx": 0,
      "setId": 1,
      "iconIdx": 290
    },
    {
      "icon": {
        "paths": [
          "M256 896v-768h128v352l320-320v704l-320-320v352z"
        ],
        "tags": [
          "previous",
          "player"
        ],
        "defaultCode": 59939,
        "grid": 16,
        "attrs": []
      },
      "attrs": [],
      "properties": {
        "ligatures": "previous2, player15",
        "name": "previous2",
        "order": 5,
        "id": 292,
        "prevSize": 32
      },
      "setIdx": 0,
      "setId": 1,
      "iconIdx": 291
    },
    {
      "icon": {
        "paths": [
          "M768 128v768h-128v-352l-320 320v-704l320 320v-352z"
        ],
        "tags": [
          "next",
          "player"
        ],
        "defaultCode": 59940,
        "grid": 16,
        "attrs": []
      },
      "attrs": [],
      "properties": {
        "ligatures": "next2, player16",
        "name": "next2",
        "order": 4,
        "id": 293,
        "prevSize": 32
      },
      "setIdx": 0,
      "setId": 1,
      "iconIdx": 292
    },
    {
      "icon": {
        "paths": [
          "M889.68 166.32c-93.608-102.216-228.154-166.32-377.68-166.32-282.77 0-512 229.23-512 512h96c0-229.75 186.25-416 416-416 123.020 0 233.542 53.418 309.696 138.306l-149.696 149.694h352v-352l-134.32 134.32z",
          "M928 512c0 229.75-186.25 416-416 416-123.020 0-233.542-53.418-309.694-138.306l149.694-149.694h-352v352l134.32-134.32c93.608 102.216 228.154 166.32 377.68 166.32 282.77 0 512-229.23 512-512h-96z"
        ],
        "tags": [
          "loop",
          "repeat",
          "player",
          "reload",
          "refresh",
          "update",
          "synchronize",
          "arrows"
        ],
        "defaultCode": 59950,
        "grid": 16,
        "attrs": []
      },
      "attrs": [],
      "properties": {
        "ligatures": "loop2, repeat2",
        "name": "loop2",
        "order": 9,
        "id": 303,
        "prevSize": 32
      },
      "setIdx": 0,
      "setId": 1,
      "iconIdx": 302
    }
  ],
  "height": 1024,
  "preferences": {
    "showGlyphs": true,
    "showQuickUse": true,
    "showQuickUse2": true,
    "showSVGs": true,
    "fontPref": {
      "prefix": "icon-",
      "metadata": {
        "fontFamily": "icomoon"
      },
      "metrics": {
        "emSize": 1024,
        "baseline": 6.25,
        "whitespace": 50
      },
      "embed": false
    },
    "imagePref": {
      "prefix": "icon-",
      "png": true,
      "useClassSelector": true,
      "color": 0,
      "bgColor": 16777215,
      "classSelector": ".icon",
      "name": "icomoon"
    },
    "historySize": 50,
    "showCodes": true,
    "gridSize": 16
  }
}